Показатель,Значение
Объектов до фильтрации,344.000000
Столбцов исходной таблицы,8.000000
Признаков без целевой переменной,7.000000
Выбранных количественных признаков,4.000000
Целевых классов,3.000000
Объектов с пропуском в любом признаке,11.000000
"Доля объектов с пропуском в любом признаке, %",3.197674
Объектов с пропуском в выбранных 4 признаках,2.000000
"Доля объектов с пропуском в выбранных 4 признаках, %",0.581395
Объектов после фильтрации,342.000000
Островов,3.000000
Начальный год,2007.000000
Конечный год,2009.000000
