Метод,Истинный класс,Прогноз,Количество
LDA,Adelie,Adelie,35
LDA,Adelie,Chinstrap,3
LDA,Chinstrap,Adelie,12
LDA,Chinstrap,Chinstrap,5
SVM (линейный),Adelie,Adelie,36
SVM (линейный),Adelie,Chinstrap,2
SVM (линейный),Chinstrap,Adelie,14
SVM (линейный),Chinstrap,Chinstrap,3
Логистическая регрессия,Adelie,Adelie,36
Логистическая регрессия,Adelie,Chinstrap,2
Логистическая регрессия,Chinstrap,Adelie,12
Логистическая регрессия,Chinstrap,Chinstrap,5
Наивный Байес,Adelie,Adelie,34
Наивный Байес,Adelie,Chinstrap,4
Наивный Байес,Chinstrap,Adelie,14
Наивный Байес,Chinstrap,Chinstrap,3
