Метод,FPR,TPR,Порог
LDA,0.000000,0.000000,inf
LDA,0.026316,0.000000,1.028258
LDA,0.026316,0.176471,0.358299
LDA,0.052632,0.176471,0.349048
LDA,0.052632,0.294118,0.023248
LDA,0.078947,0.294118,0.013997
LDA,0.078947,0.352941,-0.073252
LDA,0.105263,0.352941,-0.169470
LDA,0.105263,0.411765,-0.297996
LDA,0.157895,0.411765,-0.385246
LDA,0.157895,0.470588,-0.518327
LDA,0.184211,0.470588,-0.559603
LDA,0.184211,0.588235,-0.642156
LDA,0.289474,0.588235,-0.903763
LDA,0.289474,0.764706,-1.059760
LDA,0.447368,0.764706,-1.371895
LDA,0.447368,0.823529,-1.422281
LDA,0.500000,0.823529,-1.532446
LDA,0.500000,0.882353,-1.587529
LDA,0.605263,0.882353,-1.596780
LDA,0.789474,0.882353,-1.849136
LDA,0.789474,0.941176,-1.853690
LDA,0.973684,0.941176,-3.056115
LDA,0.973684,1.000000,-3.079031
LDA,1.000000,1.000000,-3.161584
SVM (RBF),0.000000,0.000000,inf
SVM (RBF),0.000000,0.058824,0.496202
SVM (RBF),0.026316,0.058824,0.168652
SVM (RBF),0.026316,0.117647,0.148977
SVM (RBF),0.078947,0.117647,0.111493
SVM (RBF),0.078947,0.176471,-0.419002
SVM (RBF),0.131579,0.176471,-0.597390
SVM (RBF),0.131579,0.411765,-0.794939
SVM (RBF),0.210526,0.411765,-0.932929
SVM (RBF),0.210526,0.470588,-0.938103
SVM (RBF),0.315789,0.470588,-0.989186
SVM (RBF),0.315789,0.529412,-0.992307
SVM (RBF),0.394737,0.529412,-0.998666
SVM (RBF),0.394737,0.588235,-0.999077
SVM (RBF),0.526316,0.588235,-1.001742
SVM (RBF),0.526316,0.764706,-1.006707
SVM (RBF),0.552632,0.764706,-1.008086
SVM (RBF),0.552632,0.823529,-1.009372
SVM (RBF),0.605263,0.823529,-1.010187
SVM (RBF),0.710526,0.823529,-1.018678
SVM (RBF),0.789474,0.823529,-1.025629
SVM (RBF),0.789474,0.941176,-1.032238
SVM (RBF),0.921053,0.941176,-1.036725
SVM (RBF),0.921053,1.000000,-1.038333
SVM (RBF),1.000000,1.000000,-1.088306
Логистическая регрессия,0.000000,0.000000,inf
Логистическая регрессия,0.026316,0.000000,0.976457
Логистическая регрессия,0.026316,0.176471,0.332944
Логистическая регрессия,0.052632,0.176471,0.321454
Логистическая регрессия,0.052632,0.294118,0.008619
Логистическая регрессия,0.078947,0.294118,-0.002871
Логистическая регрессия,0.078947,0.352941,-0.088903
Логистическая регрессия,0.105263,0.352941,-0.176150
Логистическая регрессия,0.105263,0.411765,-0.301041
Логистическая регрессия,0.157895,0.411765,-0.387073
Логистическая регрессия,0.157895,0.470588,-0.515140
Логистическая регрессия,0.184211,0.470588,-0.554000
Логистическая регрессия,0.184211,0.588235,-0.631718
Логистическая регрессия,0.289474,0.588235,-0.884677
Логистическая регрессия,0.289474,0.764706,-1.033762
Логистическая регрессия,0.447368,0.764706,-1.337070
Логистическая регрессия,0.447368,0.823529,-1.382281
Логистическая регрессия,0.500000,0.823529,-1.489331
Логистическая регрессия,0.500000,0.882353,-1.542856
Логистическая регрессия,0.605263,0.882353,-1.554345
Логистическая регрессия,0.789474,0.882353,-1.795815
Логистическая регрессия,0.789474,0.941176,-1.798991
Логистическая регрессия,0.973684,0.941176,-2.959911
Логистическая регрессия,0.973684,1.000000,-2.980928
Логистическая регрессия,1.000000,1.000000,-3.058647
Наивный Байес,0.000000,0.000000,inf
Наивный Байес,0.026316,0.000000,0.233356
Наивный Байес,0.026316,0.058824,0.149269
Наивный Байес,0.078947,0.058824,0.078453
Наивный Байес,0.078947,0.176471,0.070370
Наивный Байес,0.131579,0.176471,-0.036518
Наивный Байес,0.131579,0.470588,-0.119466
Наивный Байес,0.184211,0.470588,-0.141698
Наивный Байес,0.184211,0.529412,-0.156725
Наивный Байес,0.315789,0.529412,-0.239650
Наивный Байес,0.315789,0.588235,-0.251263
Наивный Байес,0.342105,0.588235,-0.256779
Наивный Байес,0.394737,0.588235,-0.258887
Наивный Байес,0.421053,0.588235,-0.261199
Наивный Байес,0.421053,0.647059,-0.269042
Наивный Байес,0.473684,0.647059,-0.274393
Наивный Байес,0.500000,0.647059,-0.283031
Наивный Байес,0.500000,0.705882,-0.285468
Наивный Байес,0.578947,0.705882,-0.297505
Наивный Байес,0.578947,0.764706,-0.328913
Наивный Байес,0.657895,0.764706,-0.349257
Наивный Байес,0.657895,0.823529,-0.356649
Наивный Байес,0.736842,0.823529,-0.374045
Наивный Байес,0.736842,0.882353,-0.389456
Наивный Байес,0.789474,0.882353,-0.397084
Наивный Байес,0.789474,0.941176,-0.397803
Наивный Байес,0.894737,0.941176,-0.409488
Наивный Байес,0.894737,1.000000,-0.424061
Наивный Байес,1.000000,1.000000,-0.454967
